{"rows": 10, "cols": 8, "min_strokes": 10, "max_strokes": 26, "min_stroke_length": 0.5, "max_stroke_length": 4.999999999999997, "center": 5.0, "min_rotation": 0.0, "max_rotation": 0.0, "horizontal_skew": 0.20000000000000007, "vertical_skew": 0.2600000000000001, "width_skew": 0.2, "height_skew": 0.19, "__seed__": 1989313397}